Sol_Index,RadViz_X,RadViz_Y,Obj_Corner_BGA_DeltaW,Obj_Corner_Bump_DeltaW,Obj_Corner_C4_DeltaW,Obj_Theta_JA, Interposer CTE,Bulk silicon thickness,Bump copper height,Bump pitch,Bump solder height,Heatsink Thermal resistance,Interposer thickness,PCB CTE,PCB k_z,PCB thickness,Substrate core CTE,Substrate core thickness,TIM1 k,TIM1 thk,UF flipchip CTE,UF interposer CTE,interposer k_z,BGA solder,Bump solder,C4 solder
0,-0.04400730759021492,-0.3696865878127758,0.004329633724956652,0.3110685276240106,0.060293851291256084,4.3810245726106825,4.8663958871577435e-06,0.3084071155449407,0.058372621257104185,0.12064817813021912,0.05522953300924129,0.8505285987634008,0.13484877100833162,1.5304798661163243e-05,0.5523607960004226,2.017385671938499,4.344438517314639e-06,0.7851470273847158,27.94287537367602,0.17969286328093687,2.7844693737209734e-05,2.0586444502742766e-05,128.52193101589785,SAC205,SAC405,SAC305
1,0.1893844137117379,0.18641807245260825,0.003305532457830868,0.030676026584580525,0.1728955053732885,10.052459785827859,4.042393577428971e-06,0.6912372279956939,0.04494195360926754,0.13611632802114382,0.055875205636470804,1.8377554131817437,0.2861840273852328,1.641409830427143e-05,0.6927286211144033,0.8968236209487099,8.116860985911301e-06,0.7929340431619002,28.52925871050017,0.15111477283296404,2.1054910610048316e-05,2.8416556485486886e-05,91.3960588764163,SAC105,SAC405,SAC305
2,-0.2520815143324301,-0.1962524305589061,0.011876910954172992,0.1900143470190879,0.03961970763385749,4.609563809831132,4.727177112315906e-06,0.33878452745376314,0.05990914058712963,0.13676559930982607,0.05335198405128077,0.9948722696338339,0.11278449159890479,1.6085936467903812e-05,0.7813689791822442,1.6933532718009106,3.8020228570139155e-06,0.7731963373396724,28.578686693724784,0.16864086203002565,2.6588833479624904e-05,2.2417562521637356e-05,103.2723173338385,SAC105,SAC105,SAC305
3,0.3450106592462314,-0.0556911412153674,0.0012191518420108282,0.0746373307148793,0.24015945736784491,4.1872332328294775,4.170517965382226e-06,0.3410256432508659,0.04488680532455863,0.14560283310204333,0.057224404630134756,0.8491520478189754,0.27549534718541435,1.647842407689172e-05,0.5678967655727225,2.003893626490556,7.883472332515184e-06,0.41448419292738287,28.54251827347855,0.15498183849835803,2.1979130906054525e-05,2.8830282123910046e-05,101.22144134831773,SAC205,SAC405,SAC305
4,0.10382838883820228,-0.1314885629531328,0.0007447043216885455,0.15567756455518036,0.10618270300945713,4.485558066934306,4.692084370446324e-06,0.2842872851854132,0.057813925853587265,0.14417753195227345,0.05565385390024306,1.5526709858542496,0.2655908222306297,1.5274723492292236e-05,0.6028800743268367,1.6808638127104938,8.886970616277816e-06,0.6688826423100462,28.077707815314206,0.21621904413932017,2.8087029956270758e-05,2.5482055588722693e-05,57.017950899028435,SAC305,SAC105,SAC405
5,0.006188222229342815,-0.11688413241938887,0.004191954726615248,0.13504789425215363,0.08602700732389504,4.18641645193464,4.062579324461696e-06,0.35665494064056374,0.05768550488755018,0.14100145086940402,0.055375454194718315,0.8147991285090952,0.28556308121355295,1.6038547108084122e-05,0.5368766359687629,2.2647214308996,3.917952682744801e-06,0.4971502671839875,27.971466522426656,0.10799714144879198,2.8364040899037834e-05,2.2162696221387757e-05,44.81278756871194,SAC305,SAC105,SAC305
6,-0.3053622789176177,-0.055476784301829535,0.01702800367780582,0.07443210141547044,0.07844426149909825,4.298599123802119,4.357561761107252e-06,0.3891510084219085,0.04404658272690129,0.12163275286510679,0.056705941067149476,0.7852895723039388,0.2851778504345641,1.6433425492468e-05,0.7865939523832682,2.343144125649034,4.051072214028074e-06,0.798096153538963,28.688366294976678,0.23010812314742385,2.1421864409936374e-05,2.1362449955149582e-05,93.78470638332912,SAC105,SAC405,SAC305
7,0.0626242271998436,0.2321297707569212,0.0010199444712719642,0.1569741583646585,0.07274203988665216,15.933254218829171,4.959302099124972e-06,0.69692697290861,0.049194185732129116,0.11048052473216098,0.05521822884379095,1.7621413263318206,0.28566710492359626,1.6055303687578334e-05,0.556236538343537,0.9308929240182413,8.911287272723808e-06,0.7968795470221199,6.5344500776299075,0.17756287853594446,2.006153506572675e-05,2.2382884408307477e-05,139.35659722640617,SAC305,SAC405,SAC405
8,0.010321969328382826,0.24152701078249214,0.002795632550786014,0.09170340083530597,0.07035605685288199,14.251199704831437,4.631395163967572e-06,0.683422477381499,0.04945081156460038,0.11259897203180337,0.05481206361260925,2.0288076271313047,0.2670603875401795,1.5428027277728204e-05,0.559246255822346,0.9513981325808649,3.190731947668783e-06,0.7831746738463669,5.895283274062235,0.08160978064134203,2.007246258977523e-05,2.035207846120078e-05,140.0030360422084,SAC305,SAC105,SAC305
9,-0.0641546083280406,0.3049755207922151,0.005881331421289321,0.08963262681498943,0.07230830215835375,15.169452050578375,4.977323510762837e-06,0.6735520136821723,0.049448037668825794,0.1372081036845,0.055215595418954,1.8534423430634566,0.278618676897251,1.6055303687578334e-05,0.556236538343537,0.9196248587942966,3.1908002393117722e-06,0.675114814080586,5.895283274062235,0.16655279372185927,2.0087861378978015e-05,2.1032808876920987e-05,139.31578007258383,SAC205,SAC105,SAC305
10,-0.2663169406515714,0.27057533472060247,0.012245628986765966,0.09069990953235393,0.06643071321886945,13.534955641147064,4.977323510762837e-06,0.6908179652022044,0.05898043276800612,0.11291040830911979,0.055215595418954,1.7578217810910142,0.2856472702876192,1.6055303687578334e-05,0.5559396259799425,0.9196248587942966,3.1908002393117722e-06,0.7949291645220192,5.0108672534054595,0.17915524565948043,2.0088535326031928e-05,2.004087411093517e-05,138.68987016202402,SAC105,SAC105,SAC305
11,-0.03527112858834644,-0.15243722304810595,0.00293391215897503,0.18168462619229797,0.04347091367856757,4.66223217154213,4.6559388615731025e-06,0.3196733333748466,0.05978516222912636,0.13676559930982607,0.0545024250044586,1.0236590093030917,0.11278449159890479,1.5342367709672505e-05,0.5229294189436774,1.6929211213529054,4.321221556832513e-06,0.775972059358913,28.05050134688284,0.24582652521960582,2.6665719323351128e-05,2.0159278196667313e-05,101.37672614036882,SAC305,SAC105,SAC305
12,-0.1958310882265729,0.027435718590526133,0.012958293345236602,0.057218716236762696,0.08092479348085645,6.193836765313909,4.0471241864899036e-06,0.6912372279956939,0.05924043159233753,0.1441898402154656,0.05521739778310674,0.9162564840794106,0.28643011276725094,1.6415071287963774e-05,0.7842284109256236,0.8968236209487099,3.545788279509683e-06,0.7770522735346574,28.72441185957602,0.15112811236961043,2.1017848766604254e-05,2.0876625450152717e-05,91.34837007021599,SAC105,SAC405,SAC305
13,0.10106079046037636,0.2724188972158864,0.006293781340505106,0.03599074505021163,0.15636686556545704,12.052342762122315,4.181262914908824e-06,0.745889673348657,0.04432254777526408,0.13593047270505998,0.05699442620423922,1.8702674843588218,0.27875672200045043,1.6038238478536463e-05,0.7081399016817209,0.8743780557729125,4.56859852012702e-06,0.4677914281797432,15.279382007420907,0.16574489446255797,2.2025279133832547e-05,2.9510385410887026e-05,160.5027001371094,SAC105,SAC405,SAC305
14,0.3212276844606534,-0.058021607083785336,0.000847889166857609,0.07903832178030724,0.22663787147030232,4.247259470891414,4.042710754991009e-06,0.3181104256717633,0.059152142296433105,0.1441146998350851,0.0557342575788873,1.6084775888404819,0.27819471810193047,1.6268682298906692e-05,0.6576882415702408,1.9704471942973096,7.886544919170524e-06,0.7227285899787464,28.121991048200528,0.1034090876498906,2.1533869974005652e-05,2.85145068793074e-05,82.21599909461683,SAC205,SAC405,SAC205
15,-0.1574932404772675,-0.21147757000654296,0.009632655463115111,0.19783491675431525,0.06319250012458816,4.433925745970613,4.902810750358217e-06,0.3442293624762959,0.04984660965498852,0.11847689852932371,0.05571166347110358,1.5037056020108897,0.14592684445011514,1.6454309745819216e-05,0.6667591589974285,2.0225258105419353,4.1666246409559305e-06,0.7848601285297474,28.12347807816658,0.110778613309029,2.7435420631206008e-05,2.0568447768220746e-05,85.06609723170408,SAC205,SAC105,SAC305
16,0.26002403116176986,-0.05262567668915423,0.0008628446666933604,0.0779701957146508,0.19863095082342613,4.299927832602411,4.039802965660946e-06,0.3565705108683797,0.058779257064156265,0.14417776757404055,0.055968382958424275,1.5988547515934335,0.26590868301129317,1.62599221574175e-05,0.5913735835886377,1.9658218812400012,8.273249258354791e-06,0.7810420336521346,28.085834629930588,0.2487653749737453,2.1395113510895847e-05,2.890583622559757e-05,45.49636203310882,SAC305,SAC105,SAC205
17,-0.11761857756243127,-0.09959129940904596,0.008744386845158535,0.12117366754001964,0.06666964881597458,4.432889705223309,4.746231483241448e-06,0.33878452745376314,0.05943888491374027,0.14090650192035373,0.05519487671950013,0.9948722696338339,0.2839864047645482,1.5213989379797038e-05,0.7813689791822442,1.7569008447235888,3.8020228570139155e-06,0.7731963373396724,28.578686693724784,0.08184534667569537,2.66559130912331e-05,2.2417562521637356e-05,81.87639410761655,SAC105,SAC405,SAC305
18,0.08566630379984344,0.00032995075023937526,0.005262509564172383,0.053502695993786376,0.14718227370176454,5.154437319941662,4.095892440335613e-06,0.28196171953227955,0.044899107213485084,0.1441924349081149,0.055370002288975734,0.840489390366544,0.2666089545282491,1.630644464985011e-05,0.5223787363679242,0.8824252140648577,3.988753672632708e-06,0.4332366888535997,28.30458206275061,0.21642171739269694,2.0968620192846243e-05,2.9865125084721985e-05,86.06315389011034,SAC205,SAC405,SAC305
19,-0.06798269559367275,0.050410988578546416,0.004804395380850743,0.12232608690857885,0.05010059800348224,9.742475783006025,4.908384903961139e-06,0.3221685624232668,0.05789990297246173,0.1137545072672698,0.055382622850501474,2.0057457517314594,0.14072557357407012,1.6145584074897556e-05,0.5560321579012697,0.9638472632892072,3.3034720542246952e-06,0.7731079165019265,6.15015835801033,0.15263606863748722,2.0294605608760964e-05,2.2387904455645945e-05,80.89431923504543,SAC305,SAC405,SAC305
20,-0.030160531925767755,-0.06415340156627197,0.003017166858823445,0.16077689968422057,0.04895500712569612,7.312997667432901,4.689801176279295e-06,0.330810675157216,0.05994940988530351,0.14732266668291819,0.05302517393325088,0.9948722696338339,0.11188635729635824,1.5970731862054115e-05,0.7833896530625892,1.6955447680244258,3.8020228570139155e-06,0.7731963373396724,7.189046332272153,0.17933151820574872,2.1876330858647942e-05,2.1861714829002156e-05,103.2195630224869,SAC305,SAC405,SAC305
21,0.053974640765817136,-0.040609602637156864,0.0007910541583557254,0.2458124400302767,0.06646408499131186,12.04147931646694,4.5506842502546975e-06,0.30017966089138076,0.05848372654219815,0.10786725327314993,0.05596370590885937,0.7839611435884142,0.13389293355867507,1.521641345997304e-05,0.5924367526394172,0.9434367513274224,8.878408877457122e-06,0.7828823800503721,6.539350078035455,0.22275600794368672,2.868228831983782e-05,2.2485375207553614e-05,103.34152374478052,SAC305,SAC405,SAC305
22,0.07927737645809929,0.17323353230037136,0.002476361886444243,0.05731867968517822,0.10660680030546839,11.147052424038991,4.042393577428971e-06,0.6847380880644913,0.046522108712633924,0.13598284241023348,0.055875205636470804,1.9346624240941754,0.28638617388002185,1.6484728946320782e-05,0.6044315713179024,0.8967461031820702,7.341170883582562e-06,0.7984930645042501,29.089105090886655,0.09191435327757635,2.1539619268037876e-05,2.0665289703038698e-05,91.00577269779278,SAC205,SAC405,SAC305
23,0.3102181446209324,-0.15072405709292097,0.0010343623258800224,0.14535819302623465,0.21200342010241002,4.18641645193464,4.063856246125603e-06,0.35226895682313025,0.0581786935866291,0.14100145086940402,0.055419773286162106,0.8236785130885907,0.28548749298316256,1.6038547108084122e-05,0.5370677513733586,2.275925669942766,8.554048272079454e-06,0.44823883146156407,27.96942589674582,0.11393187972864105,2.8189756796094e-05,2.883849533719469e-05,105.53032339168439,SAC305,SAC305,SAC305
24,0.022786532844888147,-0.25355725095483345,0.0009656852732112923,0.25816070752839226,0.05630284561704923,4.616460587230255,4.61654073747472e-06,0.33924344457005146,0.057416292170199855,0.13764070513238444,0.05607429292870719,1.5457691503766318,0.14091183426334636,1.5171070826062943e-05,0.5916595705601273,1.6117542415067105,7.090593968687002e-06,0.7883771842568522,8.276607378977992,0.24431466054522688,2.8240926493434524e-05,2.0186274397610915e-05,56.03037914432339,SAC305,SAC105,SAC405
25,-0.3998352935700165,-0.4033620227088798,0.01617204760634194,0.26856976404786087,0.06327699669132292,4.323261084723639,4.128674097486329e-06,0.3559548609411681,0.05936465565485552,0.14463771322861096,0.05583263714807561,0.8498966787067304,0.12121278420949604,1.6482180278331433e-05,0.7813689791822442,2.003690277070915,3.158220620217381e-06,0.7738051397912077,28.59176323001132,0.166971594069173,2.7970637854541268e-05,2.1432683718008094e-05,94.40109449072902,SAC105,SAC405,SAC305
26,-0.06140064260043175,-0.33142822894274704,0.005298092520805497,0.2850098071247337,0.06271067493323529,4.411629649918697,4.934328514861666e-06,0.35934797727245327,0.056007415940397626,0.13800728590680103,0.05615756274596985,1.5064266878765884,0.14037922698576671,1.6057728893768722e-05,0.5947831234143851,1.9358357321631596,3.956179465650451e-06,0.7817969878653179,27.744192719609863,0.23853138897446707,2.7883293446974498e-05,2.1492947925798393e-05,104.22562737048392,SAC305,SAC105,SAC405
27,-0.04264947340961137,0.04914649449162778,0.004954706336405578,0.10051318820069222,0.0661050364207038,8.824223326280242,4.6553265642561186e-06,0.3196838752735649,0.056755503158828456,0.11913160851573437,0.054522092801776924,1.025690066816762,0.26594803094214264,1.643423034616896e-05,0.5263431610384453,1.6456119097429498,4.316085377313748e-06,0.7877427390546964,7.28698818712706,0.24777463866564908,2.1546011356149928e-05,2.0195721817149904e-05,48.440695112527486,SAC305,SAC405,SAC305
28,-0.09881084145131572,-0.14645450170108978,0.007239546068199425,0.16270579053337372,0.06025825788744231,4.564972080459665,4.196790365710203e-06,0.344918949316697,0.049448037668825794,0.13735899837617954,0.05521517677892905,0.7450652217497167,0.1222780808965462,1.6421482791129453e-05,0.5474578138738961,1.051589208233966,3.1654777293818357e-06,0.798495518255452,28.44219656724096,0.16997501560718464,2.7452613650318986e-05,2.2463805622130118e-05,84.91334473281853,SAC205,SAC105,SAC305
29,-0.033179241957641464,-0.041000376924199805,0.003534325400189105,0.14420207511686858,0.05351041949968398,7.461145837174074,4.026758715700036e-06,0.3373898319894657,0.05994940988530351,0.14943828833316086,0.053030814731082766,0.9948722696338339,0.11231234844393714,1.5360104276108075e-05,0.5358334483767246,1.6955447680244258,3.8020228570139155e-06,0.7793637239110677,7.37979486044946,0.17742966094490864,2.0427653721121644e-05,2.1861714829002156e-05,102.7902900263415,SAC305,SAC405,SAC405
30,-0.30343622463138376,-0.25567948807426094,0.014573238542070608,0.20605330784805115,0.06492787171341458,4.376974642944781,4.934328514861666e-06,0.3337122911276374,0.050003930724210034,0.1440920229731465,0.055189044557945294,1.5064266878765884,0.13366785352437655,1.663417719619386e-05,0.799008607799429,1.928812000850206,3.9548620973829504e-06,0.7634512361419533,27.744192719609863,0.23867585623911675,2.7320398828758467e-05,2.1322649396291787e-05,104.22562737048392,SAC105,SAC105,SAC405
31,0.34230473797534994,-0.061306008749916825,0.0008270879853951971,0.08046145493191291,0.23541302148718393,4.228746421241459,4.206396509664749e-06,0.3200874632021776,0.05031483129052001,0.14416645710953355,0.05581680995011776,0.8156860257708453,0.26590868301129317,1.625999620287746e-05,0.5932916709197882,2.1912294917157,8.048320674985379e-06,0.7810420336521346,28.08736825529949,0.24960138194953055,2.1529491731946435e-05,2.8316177699831058e-05,47.33436033583197,SAC205,SAC105,SAC405
32,-0.015334154803397329,-0.021239911564234784,0.01041075699490648,0.05388768175554772,0.1502141737247196,4.473297167026018,4.353936747292612e-06,0.2774347358340895,0.044408141005196244,0.12168202816341021,0.05673533640201518,0.8120662765518845,0.2816460802404136,1.6297726183691898e-05,0.7879843568518432,1.024852762954868,4.051069553750103e-06,0.5058635505699351,7.53214345045043,0.22783325867235282,2.1427404795874676e-05,2.891170615875092e-05,92.90013536385445,SAC105,SAC405,SAC305
33,0.19048577484362703,-0.14018219038911778,0.0038715224034276867,0.13748597185003258,0.1819328998820857,4.186416451934641,4.063856246125603e-06,0.3522910131528011,0.0581786935866291,0.14100145086940402,0.055419773286162106,0.8145231887306396,0.2855624773597816,1.6038547108084122e-05,0.5370680005594464,2.262312799320428,3.974334797670784e-06,0.44823883146156407,27.96942589674582,0.1080332077422436,2.8157837923545577e-05,2.8721981724265708e-05,105.53032339168439,SAC305,SAC305,SAC305
34,0.011653176355544786,-0.16893484904002853,0.001537669650624113,0.2922511517629021,0.05503388683671218,10.348555888451203,4.628154450941936e-06,0.2988575850880209,0.057906068679537716,0.11139504840881367,0.055750826563790726,1.7537801644812094,0.13914473990769058,1.6045655331471685e-05,0.590085242102354,1.698203132298024,7.395991905324012e-06,0.7797739684945854,6.324271997170531,0.17841347100609994,2.8076228389645714e-05,2.0354375376400403e-05,53.592376190525904,SAC305,SAC105,SAC305
35,0.24908795571034353,0.03205391800907329,0.0013319851745101292,0.0507001101413431,0.19443203184846788,6.137746951644056,4.116702758243549e-06,0.6644430655391261,0.05632968611654551,0.13543071984852867,0.055622870941208255,0.8082354148996549,0.28922301767532493,1.606198524464505e-05,0.5359617326325593,1.7054928289173745,8.9854194967077e-06,0.5222143662039029,7.940357243198388,0.09965090452722164,2.1911210099833507e-05,2.9120718498243668e-05,160.42865733989117,SAC205,SAC105,SAC305
36,0.10269284818360405,0.2394133837148633,0.005313927883265552,0.04511327339895061,0.14707914458052243,11.781351052854843,4.185552109760878e-06,0.7207303109229259,0.044794133113618254,0.1441924349081149,0.055370002288975734,1.9610385280779317,0.27765817263188436,1.630644464985011e-05,0.5222742419265467,0.8845819547210243,3.988753672632708e-06,0.4332366888535997,6.629894702417275,0.21642171739269694,2.0968620192846243e-05,2.9865125084721985e-05,93.18672415948767,SAC205,SAC405,SAC305
37,-0.08977686042771926,-0.009713697391296724,0.008026894872167399,0.06709609657333704,0.07240918373076467,5.351613923398461,4.11270482048089e-06,0.337037238396375,0.04946399994170058,0.1135249568322538,0.05531763172849915,0.758526347413866,0.2635606320479559,1.5188214994633249e-05,0.637824468963139,0.9182805516418137,3.3194865641313394e-06,0.772495756983381,14.774257164386878,0.17756287853594446,2.1734689955055134e-05,2.202791408831793e-05,56.25454153985428,SAC105,SAC105,SAC305
38,-0.1640744526099851,-0.08715451462991854,0.008545280420036437,0.17794880371644264,0.04817967093142199,7.633449799709098,4.547401086216933e-06,0.33735688069192277,0.05945412314571364,0.14250874906862596,0.05519487671950013,0.9948722696338339,0.11179923227561528,1.5175283171856805e-05,0.5943228156794541,1.7706204100447998,3.8020228570139155e-06,0.7704680026288875,5.847381778658945,0.17706099301867392,2.189852871803876e-05,2.2418350975898902e-05,106.4489935898126,SAC105,SAC405,SAC305
39,-0.0021464088281811997,-0.02455819662049796,0.009961978277615347,0.055938665066069614,0.15194798408386603,4.448154351553305,4.204077222908531e-06,0.2774347358340895,0.0444005885849968,0.12059038758401187,0.05521643093387648,0.8120662765518845,0.2816460802404136,1.6297726183691898e-05,0.5302284419732367,1.024852762954868,4.0253598729419436e-06,0.48772285542178995,7.53214345045043,0.16677874493771533,2.183696837941052e-05,2.9278637947350948e-05,92.90013536385445,SAC105,SAC405,SAC405
40,0.027094638465007228,0.28515747319519047,0.0024249506717005554,0.09009863003505206,0.0742660442176522,15.277671088130127,4.8502730279014045e-06,0.683422477381499,0.04945081156460038,0.11281596420022513,0.054813741159839995,2.0288076271313047,0.2899622755397889,1.5439253451406546e-05,0.556236538343537,0.9513981325808649,3.190731947668783e-06,0.6686248234570982,5.895283274062235,0.08160978064134203,2.008740150222245e-05,2.0352687497296496e-05,139.77189403855385,SAC205,SAC105,SAC305
41,0.0626242271998436,0.23212977075692107,0.0010199444712719642,0.15697415836465853,0.07274203988665216,15.93325421882917,4.959302099124972e-06,0.69692697290861,0.049194185732129116,0.11048052473216098,0.05521822884379095,1.7621413263318206,0.2889528674351349,1.6055303687578334e-05,0.556236538343537,0.9308929240182413,8.911287272723808e-06,0.7968795470221199,6.5344500776299075,0.17756287853594446,2.006153506572675e-05,2.2382884408307477e-05,139.35659722640617,SAC305,SAC405,SAC405
42,-0.019425466315136187,0.12120780592750341,0.004438787346122524,0.09270455551644151,0.07414057792843431,10.796068964685363,4.943622572327785e-06,0.331897897727438,0.049448037668825794,0.11282807978763018,0.05523249357301921,1.7619439744941672,0.2850561448304454,1.6055303687578334e-05,0.556236538343537,0.9186082282436085,3.6575555137713093e-06,0.6674240516743547,28.368402886861077,0.17756287853594446,2.006153506572675e-05,2.2382884408307477e-05,140.21812458571418,SAC305,SAC405,SAC405
43,-0.2622786238461387,-0.05887168621455341,0.011629526827212746,0.1729766065205137,0.04598192422220004,8.469087625601501,4.727177112315906e-06,0.30411231546771084,0.05990914058712963,0.1166534685531235,0.05335198405128077,0.9948722696338339,0.11502872279969216,1.608523872045127e-05,0.8077323356368058,1.5947784601449158,3.208152775567497e-06,0.7731963373396724,6.678668268485206,0.1771808569683638,2.066199771920117e-05,2.0270284372716995e-05,103.2723173338385,SAC105,SAC205,SAC305
44,0.04680150629587927,0.03529435182184789,0.005476291118799642,0.044606806036501155,0.12668385430282647,6.041868699936211,4.1798882215633065e-06,0.7142841984385605,0.05609927388125787,0.11378131725793518,0.05865279973958734,0.8746778509487974,0.2918982692216518,1.6390595425204456e-05,0.5421619935046214,1.6020029298612772,8.757670301028866e-06,0.45915833859850974,7.867209154956346,0.2329416893011061,2.1687464368117053e-05,2.2649148196869665e-05,90.97145977425917,SAC105,SAC405,SAC305
45,0.09025967874905062,0.02668677637492968,0.0020328924686189086,0.0524040932154255,0.11523088717277567,6.131443691811402,4.059703673263841e-06,0.657937096745024,0.044577732917732905,0.13561538637084228,0.05702353691675656,0.7919859129389034,0.2969213638760773,1.6059920299709645e-05,0.5943762053269929,1.6284212662154722,8.984900687617312e-06,0.4975426995382213,8.63917823323173,0.09965090452722164,2.1692746274083655e-05,2.0310173397263907e-05,160.3396331928575,SAC205,SAC105,SAC305
46,0.17074887900241306,0.054848768017187646,0.0023600875165903914,0.04614782082336015,0.1626434615902447,6.775085323801576,4.059703673263841e-06,0.6899175601232895,0.04470547893920995,0.13524876408613,0.0570287753323486,1.0510388054207518,0.2955812875407778,1.6432022308005115e-05,0.5335745813275248,0.9482310448824456,7.380618302888986e-06,0.5095589767557354,8.63917823323173,0.09965090452722164,2.1911210099833507e-05,2.9120718498243668e-05,148.20280589175735,SAC205,SAC405,SAC305
47,0.06988709620653805,-0.29166098041906974,0.0010656271572701546,0.27285900199785834,0.08378863980586158,4.501290997707742,4.939015699606412e-06,0.37521661861747757,0.05910583821544911,0.14552294492059437,0.05529387919686597,0.8321521082868267,0.1414101196641901,1.585287822856391e-05,0.5910180409445245,1.6028300388205143,8.966110658445098e-06,0.49726381122875063,27.7298989118108,0.09193939704926064,2.8081833221182772e-05,2.016104832154278e-05,107.21482688225872,SAC305,SAC105,SAC305
48,0.04131527567039102,0.038452107409194365,0.0008706737101477338,0.21824968919157972,0.06147913611532784,13.151805138529717,4.740988222357808e-06,0.2855999647053654,0.05844991248671116,0.1116660288707569,0.055160193111762595,1.8499600110871823,0.12367146133263857,1.6485180030597867e-05,0.7931140657761322,0.9252705600615245,8.116595172823143e-06,0.7797739684945854,5.468466085006064,0.08953432994775783,2.0525784868043846e-05,2.199020699356589e-05,153.85513231514673,SAC305,SAC405,SAC405
49,0.14468756095115934,-0.09671812128980331,0.0007473691050728831,0.12306477633502247,0.13214736740831617,4.435256908406297,4.368371396607677e-06,0.2842872851854132,0.056319925551815454,0.12181483511886909,0.05573864565080019,0.7789100337634155,0.2655908222306297,1.5274723492292236e-05,0.6028800743268367,1.6807220704291028,8.886970616277816e-06,0.6688826423100462,28.081451240047294,0.21621904413932017,2.8087029956270758e-05,2.5482055588722693e-05,58.68649086627157,SAC305,SAC105,SAC405
50,0.11770390263544524,-0.08660538796856629,0.0027723606669732177,0.10697051312852043,0.13800194406532681,4.218754250770083,4.03303008840844e-06,0.3578337103034366,0.0589721880027432,0.14611280003839902,0.053337210463782016,0.8156860257708453,0.26590868301129317,1.5207961172173442e-05,0.5913735835886377,2.1912294917157,8.273249258354791e-06,0.7810420336521346,28.08736825529949,0.24445245847028826,2.1448002086804296e-05,2.7487401446426685e-05,45.49636203310882,SAC105,SAC105,SAC405
51,0.3070786857685734,-0.07846725254519907,0.0007872949281871311,0.0946252181194725,0.2175103051122277,4.210733066504377,4.004336955140628e-06,0.35822812882713734,0.0589345709499528,0.14629872246228467,0.055975056183717814,0.8156860257708453,0.26590868301129317,1.5228328093394774e-05,0.5913735835886377,2.2135643627746613,8.273249258354791e-06,0.7810420336521346,28.08736825529949,0.24445245847028826,2.1395113510895847e-05,2.7576339603144076e-05,45.49636203310882,SAC305,SAC105,SAC405
52,0.21527469768991275,0.05915416536252496,0.0013151149843899385,0.04240850048558782,0.17693608750938433,6.775085323801577,4.059703673263841e-06,0.6899175601232895,0.04226693465777412,0.13511227965306383,0.0570287753323486,1.0510388054207518,0.2900295749618873,1.6432022308005115e-05,0.5359617326325593,0.9482310448824456,7.517031899319383e-06,0.5095589767557354,8.63917823323173,0.09965090452722164,2.1911210099833507e-05,2.9120718498243668e-05,148.20280589175735,SAC205,SAC405,SAC305
53,0.17107752372804505,0.046076968167674585,0.0024557709173539176,0.047140916115138605,0.16420619848486967,6.509285486634439,4.059528466900065e-06,0.6899175601232895,0.04955933060231464,0.13575336799054152,0.05534827027407874,1.0510388054207518,0.2955812875407778,1.644605218178778e-05,0.5335745813275248,0.9482310448824456,7.49631398809424e-06,0.7733077372636962,8.63917823323173,0.17788034411361897,2.1911210099833507e-05,2.902326309430659e-05,148.20280589175735,SAC205,SAC405,SAC305
54,-0.04345057598456617,0.07217195382844693,0.005510544991629971,0.09867805432605864,0.07349979287449943,9.449648337135818,4.845896303640201e-06,0.3196838752735649,0.056755503158828456,0.11934860068415888,0.05452377034900767,1.025690066816762,0.2888498985157381,1.6445456363992727e-05,0.5233334453478832,1.6456119097429498,4.316085377313748e-06,0.6731056775450994,7.28698818712706,0.24777463866564908,2.1568951339543215e-05,2.0196330853250552e-05,48.67240828629468,SAC205,SAC405,SAC305
55,-0.23192670617942096,-0.24364625571477397,0.011981083117934754,0.210533488190245,0.059427802116972066,4.424750356394075,4.733330597249994e-06,0.28640333272286134,0.04402817170844519,0.13676559930982607,0.05333742914844063,1.0723695427707083,0.11278449159890479,1.5345245447307515e-05,0.7807536855166471,2.285502901360163,3.930626059647674e-06,0.7764116895644328,28.029835596814713,0.1605650267970531,2.6665719323351128e-05,2.2417562521637356e-05,101.37672614036882,SAC105,SAC105,SAC305
56,0.1318386604230055,-0.06932443868562126,0.006807389212495133,0.08337358869080042,0.18593641692306848,4.187233232829478,4.0675450240046395e-06,0.27706900364731324,0.04448760651873562,0.14139587280411975,0.055411929456073795,0.8238567674268973,0.28154100438286905,1.6038547108084122e-05,0.5354865146725623,2.31514507139841,3.7669410395766026e-06,0.44823883146156407,27.945709231472915,0.11363403679983805,2.2023665676075354e-05,2.8883379710446212e-05,92.82725778748923,SAC205,SAC105,SAC405
57,-0.24665315391577197,-0.1482338839772644,0.011992785185520924,0.17073427081832443,0.04576975337648747,5.393946971667005,4.727177112315906e-06,0.31982477169185214,0.05993348025017458,0.1166534685531235,0.05335198405128077,0.9948722696338339,0.11499933652288526,1.6085936467903812e-05,0.7862227343726095,0.8811632024351721,3.855779946998793e-06,0.7731987252846024,27.192798304181178,0.1499063406645622,2.7230433601723965e-05,2.2417562521637356e-05,103.2723173338385,SAC105,SAC405,SAC305
58,0.0590499805386001,0.04219806234538662,0.0007872959456795256,0.23397014753975803,0.06750775877347498,13.848694889016869,4.545259774901375e-06,0.28572983530161206,0.05844991248671116,0.10945585090313997,0.05599104558184937,1.7571075442551811,0.28636935550327103,1.5158385375406425e-05,0.5265432026330681,0.9642925880518555,8.883324755689257e-06,0.7797739684945854,6.982847062819127,0.21592906185375701,2.83490266695046e-05,2.191371107318318e-05,153.74849907598218,SAC305,SAC405,SAC405
59,-0.29475844097595155,-0.0557323253284653,0.01660533522775949,0.07508185921981952,0.07703865007660328,4.297782342907282,4.35788167904171e-06,0.3892140965145877,0.058576624171422176,0.12211346836321332,0.05694289380219546,0.7931312071063135,0.28615055610704865,1.6433436964494448e-05,0.7747276794174409,2.3433113847354097,3.9808632705888745e-06,0.7999511458955457,28.69447314194381,0.0959236826125213,2.1722566295661876e-05,2.1362449955149582e-05,93.90638799565161,SAC105,SAC405,SAC305
60,0.056087085442386816,-0.01360539903534383,0.0007872959456795256,0.2348667860225671,0.06753088843620665,12.351696701721085,4.545259774901375e-06,0.28572983530161206,0.058423740768114164,0.10943312361200173,0.05599104558184937,0.7683243409380758,0.28636935550327103,1.4996293542959718e-05,0.5265432026330681,0.9642925880518555,8.883324755689257e-06,0.7797739684945854,6.997974981273908,0.24819260063085158,2.83490266695046e-05,2.191371107318318e-05,153.74849907598218,SAC305,SAC405,SAC405
61,0.10911858052902336,0.11034558883736176,0.0011512545601645404,0.0632998814292845,0.111332696511024,9.50448699616068,4.223940693908205e-06,0.3879824336912511,0.059026563304474644,0.12165905018639549,0.05522182115717514,1.7663668907793866,0.29076554287205264,1.6434692481925188e-05,0.6758507100729413,0.9133228311708386,8.207161894652011e-06,0.7771583832343998,17.258123452788727,0.20485898736603744,2.0173757732099188e-05,2.052751348265411e-05,126.6271301972261,SAC205,SAC105,SAC305
62,-0.1894630408239512,0.2153420893155004,0.011430267960131482,0.057418420398813445,0.07874733712707091,11.463304394735667,4.0371055111579336e-06,0.6848561219431929,0.04946399994170058,0.1135249568322538,0.05531763172849915,1.985048873175405,0.2646893310845931,1.6295279818516088e-05,0.6194515411895372,0.8967788332058594,3.307725553585906e-06,0.797965480980311,15.591270800051293,0.1752712676919456,2.1760799551960357e-05,2.202791408831793e-05,51.81802418537025,SAC105,SAC105,SAC405
63,0.13288040622463326,-0.06024576989916938,0.006940371263193155,0.07653450523716007,0.18826509955804796,4.186416451934641,4.06648746492452e-06,0.35665494064056374,0.056832462551844876,0.14088514564076793,0.055386606729510304,0.8139605023981139,0.2928101852639348,1.6431151909946518e-05,0.5143280769895627,2.2647214308996,4.061462004691173e-06,0.49979649452391295,27.971466522426656,0.10464579745849821,2.2100247780536193e-05,2.950794536154769e-05,55.55691410168386,SAC205,SAC405,SAC305
64,0.18265247951696517,0.27141081296844305,0.0027605267242697628,0.05082490152107276,0.15535178774851366,12.943044356065641,4.186091162060793e-06,0.6767535856189753,0.04513544741562869,0.13654354692344062,0.0570317798333213,1.8702674843588218,0.27875672200045043,1.6036619171233206e-05,0.5321960215695652,0.9898257409219275,4.338177193962826e-06,0.4693769170222463,29.04820164995965,0.1766459890400562,2.1047775456533845e-05,2.8453789752976825e-05,158.1363081744134,SAC305,SAC105,SAC305
65,-0.22987081428287717,-0.007332639938560665,0.011809083610096442,0.13229782874398752,0.06008520968198768,8.22741338575516,4.711073865328794e-06,0.33878452745376314,0.05987882749839196,0.12009214514005545,0.05335198405128077,1.7918189046902615,0.28937585753875994,1.6420858190845e-05,0.6684068242224213,1.6933532718009106,3.8020228570139155e-06,0.7602089804289699,28.578686693724784,0.2037974859079001,2.6588833479624904e-05,2.2417562521637356e-05,92.13450330980424,SAC105,SAC105,SAC305
66,0.0619589346237463,0.0007911460808223021,0.0007950316190436413,0.22554256079801255,0.07068280039283058,12.372976778257621,4.637346555491611e-06,0.28572983530161206,0.044794362771959854,0.11056390849352189,0.05716351684056473,1.7571075442551811,0.28636935550327103,1.5158385375406425e-05,0.5265432026330681,0.963678805647841,8.883224527527284e-06,0.7756806691814366,6.982847062819127,0.21592906185375701,2.8351867319008676e-05,2.1966621925223878e-05,54.26195857163037,SAC305,SAC405,SAC405
67,-0.08072215542075997,0.21077472110972828,0.012144040045068335,0.037138299997895904,0.14342728431033894,10.052459785827859,4.042387410395176e-06,0.6912372279956939,0.04494195360926754,0.13611632802114382,0.055875205636470804,1.8122287869413025,0.2805724105493802,1.6014200385899486e-05,0.6927286211144033,0.8831433158033645,3.6876325490521187e-06,0.7637441930570946,28.52925871050017,0.09730608218641584,2.1054910610048316e-05,2.8416556485486886e-05,91.3960588764163,SAC105,SAC405,SAC305
68,-0.23389030387723905,-0.06021735825004242,0.015176824471818695,0.07845915381610409,0.09200627337683284,4.297782342907282,4.3697658732352095e-06,0.4015036030834593,0.05748299300922578,0.12211346836321332,0.05605546105392355,0.7931312071063135,0.28615055610704865,1.6433122123127278e-05,0.6595714826637553,2.3408616047209376,3.9808632705888745e-06,0.665382121698077,28.759794520102968,0.0959236826125213,2.1722566295661876e-05,2.1362449955149582e-05,93.63037533281184,SAC105,SAC405,SAC305
69,-0.42152223011873985,-0.46789419885195765,0.016149298038762923,0.29535931201651666,0.06118204683763885,4.341635586800326,4.696466986241871e-06,0.3559548609411681,0.05748144322538872,0.14463771322861096,0.055820074966818574,0.8498966787067304,0.12121278420949604,1.6482180278331433e-05,0.5271677465793377,1.8971173847549885,4.33053897118906e-06,0.7883169975666217,7.6249968064140035,0.166971594069173,2.798049820982115e-05,2.140635478920443e-05,96.149050070436,SAC105,SAC405,SAC305
70,0.07639355345751983,0.008464349432378981,0.0016631403887335458,0.06218709917040548,0.10265026874217392,5.842218417703702,4.223128746443384e-06,0.7218299456856423,0.05986505908325792,0.13389721643741814,0.055394495752849916,0.9955439034145305,0.27767026593334104,1.6259655318972506e-05,0.5028425824354396,1.6781972818011606,7.489618552427192e-06,0.7461190364300812,26.398469615761453,0.10321545145655131,2.211854001375904e-05,2.0493637326706067e-05,94.36419893828034,SAC305,SAC105,SAC305
71,-0.2205582308868329,-0.1264093868518445,0.014093919805891362,0.12425894761956957,0.08936434845919315,4.257647858340108,4.301035587566389e-06,0.31982477169185214,0.05859367357988936,0.13633422659373917,0.05331544191419488,0.7733598587435268,0.27904082858657697,1.6426544130422264e-05,0.530519367747754,2.072139961148392,4.122499184392053e-06,0.6423627340850481,28.125005748235598,0.1673977701746638,2.7273519435301454e-05,2.133242764344564e-05,96.28463200973806,SAC105,SAC405,SAC305
72,0.031432454679939506,0.21921922275643754,0.003173063751935543,0.059498499736267405,0.08714765732816859,12.592598925016691,4.186091162060793e-06,0.7402510757325844,0.056568160243618944,0.1462928208207281,0.0570317798333213,1.8702674843588218,0.27875672200045043,1.6025581758517607e-05,0.5321960215695652,0.9898257409219275,4.130376748574483e-06,0.4693769170222463,5.578560588714479,0.1766459890400562,2.222399084346955e-05,2.1919574150164042e-05,156.22859834283693,SAC305,SAC105,SAC305
73,-0.27680658184639917,-0.29573190312066394,0.014080075118981785,0.2245007361161212,0.07664731717464723,4.3458592619896335,4.727177112315906e-06,0.33878452745376314,0.05991944458261863,0.13676559930982607,0.05335198405128077,0.849309208910617,0.11278449159890479,1.64314267084928e-05,0.7813689791822442,1.9667093761934822,3.8020228570139155e-06,0.4524228847832594,28.534419994433872,0.16864086203002565,2.6588833479624904e-05,2.2417562521637356e-05,107.11705686865655,SAC105,SAC105,SAC305
74,-0.15956546172340932,-0.19132212800008905,0.008321859498420034,0.19661786067447373,0.03997859210171723,4.609563809831132,4.733330597249994e-06,0.31954500478678743,0.05978516222912636,0.13676559930982607,0.05333742914844063,0.9948722696338339,0.11278449159890479,1.5342367709672505e-05,0.7807536855166471,1.6933532718009106,3.930626059647674e-06,0.7764116895644328,28.05050134688284,0.16011786148773793,2.6665719323351128e-05,2.2417562521637356e-05,101.37672614036882,SAC105,SAC105,SAC305
75,-0.044022566535245944,-0.07511528047480465,0.013448255776602296,0.08232940653738183,0.17531377885257832,4.275611218032676,4.043356748453919e-06,0.33608094194583077,0.05818548079150329,0.14139587280411975,0.055411929456073795,0.9984692796269871,0.28154100438286905,1.6038547108084122e-05,0.5309577474825312,2.31514507139841,3.892379466319038e-06,0.44823883146156407,27.97741027460851,0.11393187972864105,2.2025681424986163e-05,2.8739812320849004e-05,93.35088128815177,SAC105,SAC105,SAC405
76,-0.024808190233334065,-0.08451574494850925,0.005927229694909909,0.11303489561891171,0.08794013946026068,4.542509169960138,4.368371396607677e-06,0.2822077465870727,0.05992133495430599,0.11985232679096115,0.05573864565080019,0.9410207549155579,0.2655908222306297,1.527525852671888e-05,0.6019428916870262,1.6807220704291028,4.181163990152169e-06,0.6600774301104237,28.081451240047294,0.21671428325186345,2.872880386452329e-05,2.2447236350191728e-05,56.37658982446865,SAC105,SAC105,SAC405
77,0.21436626412142393,0.054684661011362684,0.001315114984389938,0.04240850048558782,0.1769360875093844,6.624847263989226,4.059703673263841e-06,0.6644430655391261,0.044577732917732905,0.13543071984852867,0.0570287753323486,0.7918442432208552,0.2900295749618873,1.606198524464505e-05,0.5359617326325593,0.930712814739225,8.9854194967077e-06,0.5222143662039029,8.63917823323173,0.09965090452722164,2.1911210099833507e-05,2.9120718498243668e-05,160.42865733989117,SAC205,SAC405,SAC305
78,0.09955903418399993,-0.10430893135532891,0.0007628925525611521,0.1491421469450662,0.10309077202049174,5.267948700609435,4.635602675974521e-06,0.2842872851854132,0.0444925717519859,0.14417753195227345,0.057059758291383225,1.537849841556361,0.2663973540147821,1.5274723492292236e-05,0.6028800743268367,0.9065526419730565,8.886970616277816e-06,0.6688826423100462,28.699487764156466,0.21621904413932017,2.8087029956270758e-05,2.5482055588722693e-05,57.017950899028435,SAC305,SAC405,SAC405
79,0.14396926133498517,0.10976041316750425,0.000818347407710585,0.09535872341133662,0.12180778559559245,10.526078997974096,4.116619305153735e-06,0.2956936680084161,0.055969415074338176,0.11107753521490381,0.05717183401933819,1.1296804983377944,0.28689600028437356,1.521641345997304e-05,0.5924367526394172,1.6254682314725206,8.883367240736137e-06,0.7954452318877426,7.006070968984142,0.22286384715539417,2.1698750740938313e-05,2.1920195507142394e-05,91.34987810550079,SAC305,SAC205,SAC305
80,-0.08815636159961511,0.349160806430209,0.01206819622076183,0.037479138476774046,0.14317646393715397,12.800227445405033,4.076759573420323e-06,0.6771252903813066,0.04494195360926754,0.1128290504233736,0.05523007342474185,1.7584690981337276,0.2861840273852328,1.6055714215219614e-05,0.6927286211144033,0.8965427083594207,3.86894093941597e-06,0.7929340431619002,6.701960345307116,0.1775461488876347,2.1043917094871712e-05,2.82020505765053e-05,91.3960588764163,SAC105,SAC405,SAC305
81,0.023602860998779555,-0.1608108989393725,0.0011175434295306744,0.2985698589123784,0.05542141196172435,10.935851416057202,4.628154450941936e-06,0.6860614687811126,0.057922780603236315,0.11110367887691266,0.05603457295881266,1.7613428232053407,0.12996635780497806,1.5230078064907853e-05,0.590085242102354,1.698203132298024,7.395991905324012e-06,0.7797739684945854,6.539460236873709,0.21815787203201267,2.8750721792455643e-05,2.0399897249673454e-05,52.39375583058035,SAC305,SAC105,SAC305
82,-0.05843759901770172,0.08252572116447011,0.0065799542282120585,0.06148553510789168,0.07642755545190663,8.377133400566997,4.094566339196667e-06,0.3879824336912511,0.059026563304474644,0.12165905018639549,0.05522182115717514,1.7806605564875952,0.26676926809245877,1.6434692481925188e-05,0.6861913917220407,0.8100376119431967,4.017158076086162e-06,0.7771583832343998,17.659278443449743,0.20422115699579566,2.0173757732099188e-05,2.0486161886634506e-05,86.05199397847637,SAC205,SAC405,SAC305
83,-0.07656240571510617,-0.07343612924777557,0.014087090206157869,0.07995993529845588,0.16763868583211072,4.211559267407353,4.037411113930131e-06,0.3326476591029285,0.05814887507636423,0.1441146998350851,0.055374194720075626,0.8155725670515659,0.27550969511116125,1.6036062730588204e-05,0.8055857208559881,1.9417975421927767,3.867685655416225e-06,0.763926388994848,28.535611935910005,0.0997548631767647,2.1611982331918483e-05,2.8203367914066953e-05,104.0633642297101,SAC105,SAC105,SAC405
84,-0.08925099083265262,-0.02982744427382668,0.010723489154506766,0.061329123921787146,0.1105887931398907,4.454096464046355,4.241524959835109e-06,0.2774347358340895,0.0444005885849968,0.12177133418451962,0.05521643093387648,0.8120378856519014,0.2815344978666313,1.6297726183691898e-05,0.7961734823201408,1.0624005470119298,3.951929602959417e-06,0.7675238418619765,27.226385589894697,0.16678125338888924,2.1879858086563862e-05,2.280464639920014e-05,102.25927426575697,SAC105,SAC105,SAC405
85,0.1886500733638514,-0.2921531914932482,0.000984100760926514,0.2523548141121864,0.14339952710666676,4.326661735639604,4.675359356513933e-06,0.3408640770412185,0.05627041815502549,0.13872810562862065,0.05335198405128077,0.7725162103831128,0.11278449159890479,1.6430891358454485e-05,0.7823061798722383,1.9667093761934822,8.470232521109477e-06,0.4576435354220904,28.534419994433872,0.16814562194082391,2.6588833479624904e-05,2.5452381772506565e-05,109.4276260230827,SAC305,SAC105,SAC305
86,-0.09700165243511338,-0.10866147980245876,0.006987022740468047,0.16937825674191098,0.061545653595627636,6.3914283159283904,4.19412028848596e-06,0.69692697290861,0.049448037668825794,0.13735899837617954,0.054855050715819025,0.7834179770720369,0.1396644562510183,1.6433302314686082e-05,0.5204037594155642,0.9835397657053156,3.1654777293818357e-06,0.7951125019149496,28.43789519064164,0.22984618819684854,2.7177929161446393e-05,2.2311266958374694e-05,138.29070667013326,SAC205,SAC405,SAC305
87,0.011125998335721953,0.06762687125849921,0.0036281116923206126,0.09478674443447511,0.08172574536886511,9.220362117086772,4.969995560276797e-06,0.36065081304761587,0.048198869214125944,0.11402518786211606,0.05536414777714776,1.776864842497998,0.29005406854125076,1.5377155369049693e-05,0.7710201274335561,1.0049572662839732,8.743659729327899e-06,0.44625613296310696,6.262091469875402,0.17958767893020772,2.0035594650892875e-05,2.1531602900519172e-05,56.9792035635832,SAC105,SAC105,SAC405
88,0.12194698975572568,-0.3582339806135835,0.0008532829397350006,0.3039875056222079,0.10619017458698211,4.411629649918698,4.934328514861666e-06,0.35936740339947487,0.055962674968517555,0.13800728590680103,0.05615563679729543,1.48670750709469,0.12980914550954176,1.6057728893768722e-05,0.5947211103543993,2.1992123346879637,8.385510850036977e-06,0.7818517747113966,27.744192719609863,0.23884286782408917,2.7623635313248657e-05,2.1492947925798393e-05,103.7667732494817,SAC305,SAC105,SAC405
89,-0.08541855506572464,-0.04265639690338107,0.006999143178865741,0.11742219330742962,0.06531142697308653,6.318916703678363,4.0728229701366394e-06,0.69692697290861,0.04470430767156083,0.14141698607467038,0.05521517677892905,0.7450143120918674,0.1222780808965462,1.6421482791129453e-05,0.5204037594155642,0.9835397657053156,3.152391444050642e-06,0.7968972367217245,27.943827935186018,0.16997501560718464,2.1965256150021554e-05,2.2341360443990852e-05,141.5191892659495,SAC205,SAC105,SAC305
90,-0.2985134471429359,-0.18940631341827271,0.015304343707393864,0.16424712823393434,0.07175438700109839,4.312231758182953,4.727177112315906e-06,0.3384897033370086,0.05990914058712963,0.13673706489909712,0.05335198405128077,1.6069579085115748,0.27971440652415636,1.6271342176664774e-05,0.7813689791822442,1.9693415954112428,3.8120253282214755e-06,0.7249981494921909,28.578686693724784,0.10571396610463256,2.6595756903967487e-05,2.2417562521637356e-05,103.2723173338385,SAC105,SAC105,SAC305
91,-0.2252478983445233,0.2436456935593766,0.01148854474457949,0.0862653068557736,0.07063576125966677,12.93380354253548,4.678283579285966e-06,0.6893752910003824,0.050624817782603124,0.14088863847861577,0.05807421825942028,1.7298863309684873,0.28564509899118085,1.6059323832379955e-05,0.5426842655599291,1.68053964036404,3.1908002393117722e-06,0.6685854263197972,5.887413939909951,0.2308970972996029,2.005884127221296e-05,2.0191758401348792e-05,141.81872043407088,SAC105,SAC105,SAC305
92,-0.11210626566475376,0.02983481400925206,0.008470527139282502,0.09049162594337623,0.0704775569765478,7.694566978260445,4.548352587261244e-06,0.33084478356803676,0.04492112948339082,0.14250874906862596,0.05519487671950013,0.9948722696338339,0.2894824432738579,1.521061300974481e-05,0.598018686859503,1.7706204100447998,3.805079518460284e-06,0.7704680026288875,5.847381778658945,0.1669210750238119,2.1226269022247705e-05,2.1745820130489545e-05,106.4489935898126,SAC105,SAC405,SAC305
93,-0.055725918865784874,0.2958703395165541,0.010998348442853976,0.03913705923532436,0.14174785292715134,12.052342762122317,4.181262914908824e-06,0.745889673348657,0.04432254777526408,0.13593047270505998,0.05699442620423922,1.8702674843588218,0.27875672200045043,1.6038238478536463e-05,0.7081399016817209,0.8743780557729125,4.121033945798482e-06,0.4677914281797432,15.279382007420907,0.16574489446255797,2.2025279133832547e-05,2.9510385410887026e-05,160.5027001371094,SAC105,SAC405,SAC305
94,0.1890771877073158,0.03291428390779309,0.0032778505578345517,0.04238936331868172,0.18268739685780985,5.817862040858548,4.042393577428971e-06,0.6912372279956939,0.05924941901720141,0.13678794116184953,0.055875205636470804,1.0025842439543504,0.2861840273852328,1.641409830427143e-05,0.7732421515582043,1.694253482005001,8.13864359014442e-06,0.7933413357343436,28.52925871050017,0.15111477283296404,2.1054910610048316e-05,2.8416556485486886e-05,91.98083004221543,SAC105,SAC405,SAC305
95,0.06561236668897366,0.003949449783094243,0.0007906887473249064,0.22227793007344007,0.07251212871895375,12.32741632430445,4.5506842502546975e-06,0.30017966089138076,0.05848372654219815,0.10943585368903558,0.05596370590885937,0.7839611435884142,0.28647360453325305,1.521641345997304e-05,0.5924367526394172,0.9434367513274224,8.878408877457122e-06,0.7828823800503721,6.539350078035455,0.22275600794368672,2.8749368074883976e-05,2.191388817728637e-05,81.90411950649222,SAC305,SAC405,SAC305
96,-0.043880866607287586,-0.0780923013175447,0.013448255776602294,0.08232940653738181,0.17531377885257837,4.186416451934641,4.068829842465557e-06,0.33608094194583077,0.05818548079150329,0.14139587280411975,0.055411929456073795,0.8326727765689008,0.28154100438286905,1.6038547108084122e-05,0.5309632658408419,2.3159836012605104,3.892379466319038e-06,0.49667494882237206,27.982967957397364,0.11393187972864105,2.2025681424986163e-05,2.8739812320849004e-05,93.35088128815177,SAC105,SAC105,SAC405
97,-0.24249974206755173,-0.058921246777768076,0.015603068826276288,0.07698085947707307,0.09419135638322507,4.298599123802121,4.369445955300752e-06,0.38459933495935406,0.04296638018939204,0.12163275286510679,0.05670643275945969,0.7852895723039388,0.2851778504345641,1.6433110651100834e-05,0.6714377556225523,2.340694345634562,3.9808632705888745e-06,0.6666401843082437,28.753687673135833,0.23010812314742385,2.1722566295661876e-05,2.1362449955149582e-05,93.78470638332912,SAC105,SAC405,SAC305
98,0.06714103195244613,0.06921043289696428,0.002450989135233742,0.126355226902912,0.09745945539351593,10.418418422319318,4.042393577428971e-06,0.6847380880644913,0.056944834675896235,0.13598284241023348,0.05582115597639431,1.9254494477858497,0.11325152924830999,1.6484728946320782e-05,0.6001648151247436,0.8967461031820702,7.335445817239878e-06,0.7878884795531365,29.089105090886655,0.09191435327757635,2.1539619268037876e-05,2.0448186851208854e-05,91.00577269779278,SAC205,SAC405,SAC305
99,-0.256405530144014,-0.1283590464583448,0.014752733462664766,0.12549029785208402,0.0781504350151764,4.229572622144435,4.039391869094274e-06,0.3326476591029285,0.04994747598197503,0.1441144290635779,0.055374194720075626,0.8155725670515659,0.2803571099454275,1.602262462471827e-05,0.799593754974163,1.9280672858518515,3.867685655416225e-06,0.763926388994848,28.535611935910005,0.0997548631767647,2.7476093780440132e-05,2.1433187890610578e-05,104.0633642297101,SAC105,SAC105,SAC405
